LocationID,LocationName,LocationDescriptionGermanKunstHistorisch,LocationDescriptionEnglishKunstHistorisch,LocationDescriptionGermanSpirituell,LocationDescriptionEnglishSpirituell,LocationMainImageName,LocationOtherImages,X,Y
1,Gnadenkapelle,"Die Gnadenkapelle ist das Herzstück der Klosterkirche, ein «Kirchlein in der Kirche», wie es der Dichter Johann Wolfgang von Goethe nannte, inmitten eines grossen Achtecks. Es beherbergt das Einsiedler Gnadenbild, eine gotische Marienfigur aus der Mitte des 15. Jahrhunderts, die regelmässig neu eingekleidet wird. 

Auffallend ist ihre schwarze Hautfarbe. Das war nicht immer so. Weihrauch und Kerzenruss färbten sie im Laufe der Jahrhunderte dunkel. Nach einer Restaurierung um 1800 wurde sie schwarz bemalt, so dass sie heute als «Schwarze Madonna von Einsiedeln» bekannt ist. Zu diesem Zeitpunkt befand sie sich nicht in Einsiedeln, sondern im Exil, denn nach dem Einmarsch der französischen Revolutionstruppen 1798 mussten die Mönche unter Todesdrohung in letzter Minute fliehen. 

Als sie 1802 zurückkehrten, fanden sie Kirche und Kloster geplündert und verwüstet vor. Um die Wallfahrt zum Erliegen zu bringen, war auch die Gnadenkapelle abgerissen worden. Erst zwischen 1815 und 1817 wurde sie aus Originalteilen wieder aufgebaut, etwas kleiner als zuvor und im klassizistischen Stil, also nicht mehr barock wie der Rest der Kirche.

Um die Einsiedler Schwarze Madonna zu sehen, muss man im Übrigen nicht eigens nach Einsiedeln kommen. Weltweit gibt es nämlich Tausende Kopien, zum Teil in Originalgrösse, manchmal sogar in einem Nachbau der Gnadenkapelle verehrt.","The Gnadenkapelle (Chapel of Grace) is the centrepiece of the monastery church, described by the poet Johann Wolfgang von Goethe as a ""little church within the church"", situated within a large octagon. It houses the Einsiedeln Madonna, a Gothic statue of the Virgin Mary from the mid-15th century, which is regularly redressed.

Notably, the statue has a black complexion, which was not always the case. Over the centuries, incense and candle soot darkened it, and after a restoration around 1800, it was painted black, hence it is known today as the ""Black Madonna of Einsiedeln"". At that time, it was not in Einsiedeln but in exile, as the monks had to flee at the last minute under the threat of death following the invasion of French revolutionary troops in 1798.

When they returned in 1802, they found the church and monastery looted and devastated. The Chapel of Grace had been demolished in an effort to halt the pilgrimage. It was only between 1815 and 1817 that it was rebuilt from original parts, slightly smaller than before and in a neoclassical style, rather than the baroque style of the rest of the church.

To see the Einsiedeln Black Madonna, one does not necessarily have to travel to Einsiedeln. There are, in fact, thousands of copies worldwide, some life-sized, sometimes even housed in a replica of the Chapel of Grace.","Beim Betreten einer Kirche bekreuzigt man sich mit Weihwasser. Diese Geste hat eine doppelte Symbolik: Zum einen erinnert sie an die Taufe, bei der wir mit Weihwasser, dem Wasser des Lebens, besprengt und in die Gemeinschaft mit Gott aufgenommen wurden. Jedes Mal, wenn wir den Finger in Weihwasser tauchen, erinnern wir uns: Wir sind ein Kind Gottes, der wie ein liebevoller Vater für uns sorgt. Der unendliche Gott, der alles geschaffen hat, begibt sich in die Enge und Endlichkeit seiner eigenen Schöpfung – und gibt sogar sein Leben für sie hin. In dieser selbstlosen Liebe liegt die zweite Symbolik des Weihwassers. Wenn wir uns mit Weihwasser bekreuzigen, erinnern wir uns daran, wie Jesus am Kreuz unsere Schuld getilgt hat.

Zu Christus führt uns auch seine Mutter Maria, die uns in unserer Klosterkirche als erste begegnet. Sie ist und bleibt Mensch, keine Göttin – aber ein besonders vorbildlicher Mensch, von dem wir zudem glauben, dass er die Vollendung im Himmel erreicht hat, wo er nun auch unsere Bitten und unseren Dank vor Gott tragen kann. Natürlich können wir uns immer auch direkt an Gott wenden, aber manchmal hilft uns eine solche Brücke – wie in unserem alltäglichen Leben.

Maria ist also Vorbild und Fürsprecherin, aber nicht das Ziel unseres Glaubensweges. Das wird auch in der Architektur dieses Gotteshauses deutlich. Sie holt uns am Eingang ab, nimmt uns gleichsam an die Hand, führt uns dann aber weiter zu Christus. Denn die Besucher sollen nicht bei der Gnadenkapelle stehen bleiben, wo ihr Bild zu sehen ist, sondern weitergehen zum Altar und zum Tabernakel, wo Christi Gegenwart in der Gestalt der Hostie verehrt wird.","Upon entering a church, one typically makes the sign of the cross with holy water. This gesture holds a dual symbolism: firstly, it reminds us of baptism, during which we were sprinkled with holy water, the water of life, and welcomed into communion with God. Each time we dip our finger in holy water, we recall that we are children of God, who cares for us like a loving father. The infinite God, creator of all, enters into the confines and finiteness of His own creation—and even sacrifices His life for it. This selfless love represents the second symbolism of the holy water. When we make the sign of the cross with holy water, we remember how Jesus on the cross erased our sins.

Christ leads us through His mother Mary, who we first encounter in our monastery church. She remains human, not a deity—yet an exemplary one, believed to have achieved perfection in heaven, where she now also carries our prayers and thanks to God. Of course, we can always directly turn to God, but sometimes such a bridge helps—as in our daily lives.

Thus, Mary serves as a model and intercessor, though not the goal of our spiritual journey. This is evident in the architecture of this church. She greets us at the entrance, takes us by the hand, but then guides us further towards Christ. Visitors should not stop at the Chapel of Grace, where her image is seen, but continue to the altar and to the tabernacle, where Christ’s presence in the form of the Host is revered.",01_Gnadenkapelle-015.jpg,01_Gnadenkapelle-001.jpg 01_Gnadenkapelle-002.jpg  01_Gnadenkapelle-003.jpg  01_Gnadenkapelle-011.jpg  01_Gnadenkapelle-012.jpg ,196,562
2,Rosenkranzaltar,"Bis zum Zweiten Vatikanischen Konzil (1962-1965) war die gemeinsame Feier der Eucharistie durch mehrere Priester – die sogenannte «Konzelebration» – unbekannt. So feierten die Priestermönche in den frühen Morgenstunden in mehreren Schichten einzeln die Messe an den verschiedenen Seitenaltären, die rund um die gesamte Klosterkirche verteilt sind. 

Einer dieser Altäre ist der, vor dem Sie stehen: der «Rosenkranzaltar». Das Altarbild zeigt Maria, die dem heiligen Dominikus, dem Gründer des Dominikanerordens, den Rosenkranz überreicht. Der Altar wurde zwischen 1752 und 1755 gefertigt.","Until the Second Vatican Council (1962-1965), the practice of several priests jointly celebrating the Eucharist—known as ""concelebration""—was unknown. Therefore, the monastic priests celebrated Mass individually in the early morning hours at various side altars distributed around the entire monastery church.

One of these altars is the one before which you stand: the Rosenkranzalter (Rosary Altar). The altarpiece depicts the Virgin Mary handing the Rosary to Saint Dominic, the founder of the Dominican Order. The altar was constructed between 1752 and 1755.","Wir glauben als Katholiken daran, dass in der Eucharistiefeier eine Wandlung vollzogen wird: Brot wird in Leib Christi und Wein in Blut Christi gewandelt, ohne dass wir dies mit unseren Sinnen wahrnehmen können. Es bleibt ein Geheimnis des Glaubens – wohlwissend, dass wir auch sonst davon ausgehen, dass es vieles gibt, das wir mit unseren Sinnen nicht wahrnehmen können, etwa Liebe, Infrarotstrahlung oder Radioaktivität. Wahrnehmbar ist freilich ihre Wirkung. Genauso ist es mit dieser Wandlung während der Eucharistiefeier, die immer an Altären wie diesem hier begangen wird. Öffentliche Messen finden allerdings in unserer Klosterkirche lediglich am Hauptaltar im Unteren Chor sowie in der Gnadenkapelle statt. ","As Catholics, we believe that during the Eucharist, a transformation occurs: bread becomes the Body of Christ and wine becomes the Blood of Christ, changes that we cannot perceive with our senses. This remains a mystery of faith—acknowledging that there are many things beyond our sensory detection, such as love, infrared radiation, or radioactivity, though their effects are indeed perceivable. Similarly, the effect of this transformation during the Eucharist is felt, always performed at altars like the one here. Public masses, however, are held only at the main altar in the Lower Choir and in the Chapel of Grace in our monastery church.",02_Rosenkranzaltar-004.jpg,02_Rosenkranzaltar-001.jpg,88,507
3,Deckengemälde und Boden,"Richten wir unseren Blick zuerst nach oben: Das Kirchenschiff ist in drei Räume gegliedert: 1) die Weihnachtskuppel im Osten 2) die Abendmahlskuppel in der Mitte 3) die Engelweihkuppel im Westen. 

Die Deckengemälde in den drei Kuppeln stammen von Cosmas Damian Asam, einem der gefragtesten Freskomaler seiner Zeit. Seine Botschaft ist deutlich: 1) An Weihnachten kommt Gott in der Person Jesu Christi in die Welt. 2) Gott bleibt durch die Eucharistie auch nach Tod, Auferstehung und Himmelfahrt Jesu in der Welt, indem er in jeder Messfeier in Gestalt von Brot gegenwärtig ist. 3) Gott ist kein passiver Beobachter. Vielmehr greift er heilsam in das Leben der Gläubigen ein, dargestellt im Fresko der Engelweihe. Dieses zeigt, wie Christus 948 die erste Kirche zu Ehren seiner Mutter Maria weihte, begleitet von vielen Engeln. Bewusst ist diese dritte Darstellung über der Gnadenkapelle angebracht, zu der so viele Menschen mit ihren Bitten kommen, in der Hoffnung, dass Gott auch ihnen helfen möge. 

Grund zu dieser Hoffnung geben ihnen auch die Ex Voto-Gemälde, Darstellungen von Menschen, die in herausfordernden Situationen um Gottes Beistand gefleht hatten und auf die Fürsprache der Muttergottes von Einsiedeln errettet worden waren.


Richten wir unseren Blick nun nach unten: Der ursprüngliche Fussboden der Klosterkirche bestand aus grauem, schmucklosem Sandstein, dem gleichen Material wie die Fassade des Klosters. Seit den 1880er Jahren liegen darüber farben- und formenfrohe Keramikfliesen der Firma Villeroy & Boch, die heute vor allem aus Badezimmern bekannt sind.","First, let's look upwards: The nave is divided into three sections: 1) the Christmas dome in the east, 2) the Communion dome in the centre, and 3) the Angel Consecration dome in the west.

The ceiling paintings in the three domes were created by Cosmas Damian Asam, one of the most sought-after fresco painters of his time. His message is clear: 1) At Christmas, God enters the world in the person of Jesus Christ. 2) Through the Eucharist, God remains in the world after Jesus' death, resurrection, and ascension by being present in the form of bread at every Mass. 3) God is not a passive observer; rather, He actively intervenes in the lives of believers, as depicted in the fresco of the Angel Consecration. This shows how in 948, Christ consecrated the first church in honor of his mother, Mary, accompanied by many angels. This third depiction is intentionally placed over the Chapel of Grace, to which so many people bring their prayers, hoping that God will also assist them.

These hopes are also supported by the Ex Voto paintings, which depict individuals who have prayed for God's help in challenging situations and were saved through the intercession of the Madonna of Einsiedeln.

Now, let's look downwards: The original flooring of the monastery church was made of plain grey sandstone, the same material as the façade of the monastery. Since the 1880s, it has been covered with colourful and decorative ceramic tiles from Villeroy & Boch, a company today known primarily for its bathroom products.","Das Kirchenschiff der Einsiedler Klosterkirche ist in drei Räume aufgeteilt: Der erste Raum im Osten ist mit der Weihnachtskuppel überwölbt, der mittlere Raum mit der Abendmahlskuppel und der westliche Raum mit der Darstellung der Engelweihe. Die Aussageabsicht dieser von Cosmas Damian Asam – einem der damals bekanntesten Künstler im süddeutschen Raum – gemalten Bilder ist schnell erklärt: Gott kommt an Weihnachten in der Person Jesu Christi in die Welt. Gott bleibt dabei in der Welt, auch nach Tod, Auferstehung und Himmelfahrt Jesu, durch das Geschenk der Eucharistie, indem er in jeder Messfeier in der Gestalt des Brotes gegenwärtig wird und von den Gläubigen in sich aufgenommen werden kann. Gott ist dabei nicht als passiver Beobachter in der Welt. Vielmehr greift er immer wieder heilsam in das Leben der Gläubigen ein, dargestellt durch das Fresko der Engelweihe, jener Legende, die erzählt, wie Christus selbst die erste Kirche im Jahre 948 in Begleitung unzähliger Engel zu Ehren seiner Mutter Maria geweiht haben soll. Bewusst ist diese Darstellung über der Gnadenkapelle platziert, wohin so viele Menschen mit ihren Bitten kommen, in der Hoffnung, dass Gott auch ihnen hilft. Grund zu dieser Hoffnung geben ihnen auch die Ex Voto-Gemälde, Darstellungen von Menschen, die in herausfordernden Situationen um Gottes Beistand gefleht hatten und auf die Fürsprache der Muttergottes von Einsiedeln errettet worden waren.","The nave of the Einsiedler Monastery Church is divided into three spaces: The eastern room is crowned with the Christmas dome, the central room with the Last Supper dome, and the western room features depictions of the Angelic Ordination. The intention behind these paintings by Cosmas Damian Asam—one of the most renowned artists in southern Germany at the time—is straightforward: God enters the world at Christmas in the person of Jesus Christ. God remains in the world even after Jesus's death, resurrection, and ascension, through the gift of the Eucharist, becoming present in the form of bread at every Mass and being received by the faithful. God is not a passive observer in the world; rather, He continually intervenes beneficially in the lives of believers, as illustrated by the fresco of the Angelic Ordination. This legend recounts how Christ himself consecrated the first church in 948, accompanied by countless angels, in honor of his mother Mary. This depiction is strategically placed over the Chapel of Grace, where many people bring their petitions, hoping that God will assist them as well. This hope is also inspired by the Ex Voto paintings, which depict individuals who have prayed for divine assistance in challenging situations and were saved through the intercession of the Madonna of Einsiedeln.",03_Decken_und_Boden-008.jpg,02_Rosenkranzaltar-001.jpg,186,279
4,Kanzel,"Der mittlere Raum der Klosterkirche wird von der Kanzel geprägt, von der aus früher gepredigt wurde. Von hier aus konnte die menschliche Stimme die Zuhörer am besten erreichen. Dazu diente auch der grosse Schalldeckel über dem Prediger, der als kunstvoller Baldachin gestaltet ist. Heute steht dem Prediger die moderne Technik, Mikrofon und Lautsprecher, zur Verfügung. So kann er vom sogenannten «Ambo» auf dem Podium vor dem Chorgitter, von einer für alle sichtbaren Stelle aus, zu den Menschen sprechen. 

Die 1728 von Egid Quirin Asam, dem Bruder des bereits genannten Malers, geschaffene Kanzel ist reich an symbolträchtigen Figuren. Zu sehen sind unter anderem die Attribute der vier Evangelisten sowie die Darstellung der vier damals bekannten Kontinente Afrika, Amerika, Asien und Europa, die an den Auftrag Jesu erinnern, die Frohe Botschaft in alle Welt zu tragen. Ein Engelchen mit Sanduhr und mahnendem Zeigefinger erinnert daran, die Zeit nicht zu vergessen und nicht zu lange zu predigen.","The central area of the monastery church is dominated by the pulpit from which sermons were traditionally delivered. This location allowed the human voice to best reach the audience, aided by the large sound canopy above the preacher, which is designed as an artistic baldachin. Today, modern technology such as microphones and speakers are available to the preacher, who now speaks from the so-called ""ambo"" on the platform in front of the choir screen, visible to all.

The pulpit, created in 1728 by Egid Quirin Asam, the brother of the aforementioned painter, is rich in symbolic figures. It features, among other things, the attributes of the four evangelists as well as representations of the four continents known at the time: Africa, America, Asia, and Europe. These remind us of Jesus' command to spread the Good News throughout the world. A small angel with an hourglass and a warning finger serves as a reminder not to forget the time and not to preach too long.","«Wovon das Herz voll ist, davon spricht der Mund», heisst es im Lukasevangelium (Kapitel 6,45). Und in der Apostelgeschichte, welche die Ereignisse der ersten Jünger nach dem Tod Jesu erzählt, heisst es: «Wir können unmöglich schweigen von dem, was wir gesehen und gehört haben» (Kapitel 4,20). Wer begeistert ist von dem, was er mit Gott erfahren hat, will unbedingt anderen davon berichten. 

Der Ort der Verkündigung innerhalb der Kirche war ursprünglich die Kanzel, auf der früher gepredigt wurde. Es ist jener Ort, von dem aus man mit der menschlichen Stimme die Zuhörerschaft am besten erreicht. Heute steht dem Prediger die moderne Technik zur Verfügung, Mikrofon und Lautsprecher, sodass er sich von einem Ort aus zu den Menschen wenden kann, wo er von allen gesehen wird, vom Ambo auf dem Podium vor dem Chorgitter. 

Die Kanzel ist reich an symbolträchtigen Figuren. Unter anderem sind die Attribute der vier Evangelisten sowie die Darstellung der vier damals bekannten Erdteile (Afrika, Amerika, Asien und Europa) zu sehen, die an den Auftrag Jesu erinnern, die Gute Botschaft in die ganze Welt hinauszutragen. Daran, dass man dabei aber die Zeit nicht vergessen und nicht allzu lange predigen soll, erinnert ein kleines Engelchen mit einer Sanduhr und einem mahnenden Zeigefinger.","""Where your treasure is, there will your heart be also,"" says the Gospel of Luke (Chapter 6, Verse 45). And in the Acts of the Apostles, recounting the events of the first disciples after Jesus's death, it states: ""We cannot help speaking about what we have seen and heard"" (Chapter 4, Verse 20). Those who are inspired by their experiences with God feel compelled to share with others.

Originally, the place of proclamation within the church was the pulpit, from which sermons were traditionally delivered. It is that place from which the human voice could best reach the audience. Today, modern technology such as microphones and loudspeakers allows the preacher to address the congregation from a spot where they can be seen by everyone, from the ambo at the podium in front of the choir screen.

The pulpit is adorned with symbol-laden figures, including the attributes of the four Evangelists and representations of the four then-known continents (Africa, America, Asia, and Europe). These remind us of Jesus's command to spread the Good News across the world. A small angel with a hourglass and a warning finger serves as a reminder not to forget the time and not to preach too long.",04_Kanzel-008.jpg,03_Deckengemälde_und_Boden-016.jpg,254,248
5,Herz-Jesu-Statue,"Vor dem Eingang in die Beichtkirche und dem Abstieg in die Unterkirche, die beide ausschliesslich für die Beichte beziehungsweise das stille Gebet zugänglich sind, steht eine monumentale Herz-Jesu-Statue, die einst an einem Pfeiler der Klosterkirche angebracht war, gegenüber der Kanzel. Da die Statue nicht zur originalen barocken Ausstattung gehörte, sondern erst 1927 in die Klosterkirche gekommen war, entfernte man sie bei der letzten Restaurierung in den 1970er-Jahren wieder und stellte sie an diesen Ort. Vorausgegangen war ein langer Streit zwischen Kunsthistorikern, der darauf verweist, dass in Fragen der angemessenen Restaurierung auch heute noch nicht immer Einigkeit herrscht.","Before entering the confessional church and descending into the crypt, which are both exclusively used for confession and silent prayer, stands a monumental Sacred Heart statue. This statue was originally mounted on a pillar of the monastery church opposite the pulpit. Since the statue was not part of the original Baroque furnishing but was only added to the church in 1927, it was removed during the last restoration in the 1970s and placed at its current location. This decision followed a prolonged dispute among art historians, highlighting that there is still no consensus on appropriate restoration practices even today.","Das Herz steht wie kaum ein anderes Symbol für die Liebe – das Herz Jesu demnach für die Liebe Gottes zu uns Menschen, und zwar zu allen Menschen. Seine Liebe ist bedingungslos, also an keine Vorleistungen geknüpft, mit der wir sie uns «verdienen» müssten. Daran erinnert uns diese monumentale Statue, vor der man aus Dankbarkeit für erhaltenes Gutes auch eine Kerze entzünden kann.  ","The heart stands as a paramount symbol of love—thus, the Sacred Heart of Jesus represents God's love for humanity, encompassing all people. This love is unconditional, not contingent on any prior conditions that would require us to ""earn"" it. This monumental statue serves as a reminder of that love, in front of which one can light a candle in gratitude for the blessings received.",05_Herz-Jesu-009.jpg,03_Deckengemälde_und_Boden-016.jpg,74,99
6,Unterer Chor,"Hinter dem mächtigen Chorgitter, an dem ein Einsiedlermönch zwischen 1675 und 1685 zehn Jahre lang als Schmied gearbeitet hat, finden im sogenannten «Unteren Chor» einige unserer Chorgebete statt. Hier feiern wir als Gemeinschaft auch die Eucharistie, an einem Altar, der vom heiligen Papst Johannes Paul II. bei seinem dreitägigen Besuch im Sommer 1984 geweiht wurde. Auffallend ist, dass die rosa Farbe an den Wänden bis zum Boden reicht, während sie sich im Kirchenschiff auf die Decke beschränkt. Sie symbolisiert den Himmel, die Gegenwart Gottes. Und genau das geschieht ja in der Messe: Das Gegenwärtigwerden Gottes mitten unter uns.

Hinter dem Bild des Hochaltars, das die Aufnahme Mariens in den Himmel zeigt, sieht man den sogenannten «Oberen Chor», in dem unsere ersten beiden Gebete des Tages stattfinden: Die Vigil um 5.30 Uhr sowie die Laudes um 7.15 Uhr.

Unter der Weihnachtskuppel steht man übrigens direkt über der Gruft, dem Ort, an dem unsere verstorbenen Mitbrüder ihre letzte Ruhestätte gefunden haben. Diese ist bewusst unter der Darstellung der Menschwerdung Gottes angelegt, die ja der Beginn der Heilsgeschichte ist. Die Namen der Verstorbenen stehen in den beiden Listen unter den virtuosen Epitaphien des Bildhauers Diego Carlone von 1737/38. In der linken die Namen der Äbte, in der rechten die der Mönche. Die Sonnenblumen auf dem linken goldenen Relief sind ein Zeichen der Hinwendung zu Gott, der wahren Sonne, während das rechte Relief eine aus den Wolken greifende Hand zeigt, die einen Vogelkäfig öffnet, aus dem drei Tauben gen Himmel fliegen – ein Sinnbild dafür, wie wir im Tod aus den Grenzen des irdischen Lebens in die Freiheit des Himmels aufgenommen werden.","Behind the imposing choir screen, where a Hermitage monk worked as a smith for ten years between 1675 and 1685, some of our choral prayers take place in what is called the ""Lower Choir."" Here, we also celebrate the Eucharist at an altar consecrated by Saint Pope John Paul II during his three-day visit in the summer of 1984. Notably, the rose color on the walls extends down to the floor, whereas in the nave, it is limited to the ceiling, symbolizing heaven, the presence of God. This is precisely what happens in the Mass: the manifestation of God among us.

Behind the image on the high altar, which depicts the Assumption of Mary into heaven, one can see the ""Upper Choir,"" where our first two prayers of the day occur: the Vigil at 5:30 AM and Lauds at 7:15 AM.

Beneath the Christmas dome, you are standing directly over the crypt, where our deceased brethren have found their final resting place. This is intentionally located under the representation of the Incarnation of God, marking the beginning of the history of salvation. The names of the deceased are listed in two lists under the masterful epitaphs crafted by the sculptor Diego Carlone in 1737/38, with the names of the abbots on the left and the monks on the right. The sunflowers on the left golden relief symbolize turning towards God, the true Sun, while the right relief features a hand emerging from the clouds, opening a birdcage from which three doves ascend to heaven – a metaphor for how we are liberated from the confines of earthly life into the freedom of heaven upon death.","Der sogenannte «Untere Chor», der sich hinter dem Chorgitter befindet, ist eines der Herzstücke der gesamten Klosteranlage. Es ist ein Ort des Gebets. Dabei fällt auf, dass sich die rosa Farbe an den Wänden bis an den Boden zieht, während sie im Kirchenschiff auf die Decke beschränkt ist. Sie symbolisiert den Himmel, also die Gegenwart Gottes. Und genau das geschieht ja in der Messe: Das Gegenwärtigwerden Gottes mitten unter uns. 

Das Bild des Hochaltars zeigt die Aufnahme Mariens in den Himmel und nimmt damit vorweg, was auch an uns nach unserem Tod geschehen soll, wenn wir uns – wie Maria – ganz auf Gott einlassen. 

Neben dem Bild, links und rechts, sieht man in den sogenannten «Oberen Chor», in dem unsere ersten beide Gebete des Tages stattfinden: Die Vigil um 5.30 Uhr sowie die Laudes um 7.15 Uhr. Wie ein Gerüst durchziehen die täglich sechs Gebete unseren Alltag. Immer wieder wird das, was wir tun und arbeiten, unterbrochen, um uns zu vergegenwärtigen, worauf es wirklich ankommt: Die Arbeit kann zwar gut und sinnvoll sein, vielen Menschen hilfreich, gleichwohl aber ist sie vergänglich und kann so weder unser eigentliches Ziel sein noch letzte Erfüllung bieten. Das Leben vom Ende her zu sehen, von dem, was wirklich bleibt, gibt allem Tun eine neue, seine ihm angemessene Bedeutung.

Apropos Ende: Unter der Weihnachtskuppel stehend befinden Sie sich nun direkt über der Gruft, jenem Ort, an dem unsere verstorbenen Mitbrüder ihre letzte Ruhestätte finden. Bewusst ist diese unter der Darstellung der Menschwerdung Gottes angelegt, ist diese ja der Beginn der Erlösungsgeschichte. ","The ""Lower Choir,"" situated behind the choir screen, is one of the central elements of the entire monastery complex and a designated prayer area. Notably, the pink color on the walls extends to the floor, while in the nave it only reaches the ceiling. This color symbolizes the heavens, representing the presence of God, which is also manifested during the Mass as God becoming present among us.

The high altar's image depicts the Assumption of Mary into Heaven, prefiguring what is also promised to us after our death if we fully surrender to God, as Mary did.

Adjacent to the image, to the left and right, you can see into the ""Upper Choir,"" where our first two daily prayers occur: the Vigil at 5:30 AM and Lauds at 7:15 AM. The structure of our day is interwoven with six daily prayers, constantly interrupting our activities to remind us of what truly matters: Work, while good and useful to many, is transient and cannot be our ultimate goal or provide ultimate fulfillment. Viewing life from the perspective of its end, focusing on what truly endures, lends new and proper significance to all our endeavors.

Speaking of ends: Standing under the Christmas dome, you are directly above the crypt where our deceased brothers find their final resting place. This placement under the depiction of the Incarnation of God is deliberate, as the Incarnation marks the beginning of the story of redemption.",06_Unterer_Chor-004.jpg,06_Unterer_Chor-011.jpg,186,108
7,Orgeln,"In der Klosterkirche befinden sich vier Orgeln. Die Pfeifen der Marienorgel (links) und der Mauritiusorgel (rechts) sind vom Kirchenschiff aus leicht zu sehen. Beide Orgeln lassen sich unabhängig voneinander spielen, sind aber über Kopfhörer sowie Kamera und Bildschirm miteinander verbunden. Sowohl in der Liturgie als auch bei Konzerten erklingen sie manchmal gemeinsam. Besonders die abendlichen Orgelkonzerte im Sommer sind beliebt, die auch ein Zeugnis dafür sind, wie wichtig Musik in der klösterlichen Tradition ist. Nicht verwunderlich ist deshalb, dass bis heute aus unserem Konvent eine Vielzahl bedeutender Musiker und Organisten hervorging.

Die originalen Orgelwerke wurden beim Einfall der französischen Revolutionstruppen im Jahr 1798 zerstört. Die beiden jetzigen Orgeln stammen aus den Jahren 1988 beziehungsweise 1994. ","In the monastery church, there are four organs. The pipes of the Mary Organ (on the left) and the Mauritius Organ (on the right) are easily visible from the nave. Both organs can be played independently but are connected through headphones as well as cameras and screens, allowing them to be played simultaneously, particularly during liturgy and concerts. The evening organ concerts in summer are especially popular and serve as a testament to the significance of music in monastic tradition. It is no surprise that our convent has produced a number of notable musicians and organists over the years.

The original organs were destroyed during the invasion by French revolutionary troops in 1798. The two current organs date from 1988 and 1994, respectively.","«Wer singt, betet doppelt», meinte der heilige Augustinus im 5. Jahrhundert. Tatsächlich ist der Gesang, ja die Musik im Allgemeinen nicht aus dem Gottesdienst wegzudenken, gestaltet sie diesen doch besonders feierlich. Man kann anhand der Musik sogar den Rang eines Festes ausmachen. So gibt es bei uns eine Steigerung von deren Feierlichkeit bis hin zu Messen mit Orchester und Chor an den höchsten Festtagen, etwa an Weihnachten und Ostern.

Die Orgel ist aber beinahe immer, fast das ganze Jahr über im Einsatz. Dabei befinden sich in der Klosterkirche vier von ihnen. Die Pfeifen von zwei von ihnen sind vom Kirchenschiff aus klar zu sehen. Beide Orgeln – die Marienorgel links sowie die Mauritiusorgel rechts – sind unabhängig voneinander zu spielen, sind aber über Kopfhörer sowie Kamera und Bildschirm miteinander verbunden. ","""He who sings, prays twice,"" Saint Augustine said in the 5th century. Indeed, singing, or music in general, is indispensable in worship services, adding a special solemnity to them. The significance of a festival can even be discerned through the music used, with an escalation in formality up to masses featuring orchestras and choirs during the most important celebrations, such as Christmas and Easter.

However, the organ is almost always in use throughout the year. Our monastery church houses four such instruments. The pipes of two of them are clearly visible from the nave. The two organs—the Mary Organ on the left and the Maurice Organ on the right—can be played independently but are connected through headphones, cameras, and screens for coordinated performance.",07_Orgeln-008.jpg,07_Orgeln-001.jpg,257,112
8,Kreuzwegstationen,"Kreuzwegstationen sind Teil jeder Kirche. Sie zeigen das Geschehen von Karfreitag sowie – oftmals jedenfalls – von Ostern, dem Höhepunkt des Lebens Christi auf Erden und dem tiefsten Geheimnis unseres Glaubens. In 14 Tafeln wird sein Leidensweg bis hin zur Kreuzigung und Grablegung gezeigt, denen sich oftmals – nicht aber bei uns – ein 15. Bildnis mit der Auferstehung anfügt. Die hier zu sehenden Kreuzwegstationen stammen nicht aus der originalen Ausstattung der Klosterkirche, sondern wurden erst vor einigen Jahrzehnten erworben.","Stations of the Cross are a feature of every church. They depict the events of Good Friday and often Easter, the pinnacle of Christ's earthly life and the deepest mystery of our faith. In 14 panels, they illustrate Christ's path of suffering leading up to His crucifixion and burial, to which a 15th panel depicting the Resurrection is sometimes added—although not in our case. The Stations of the Cross seen here are not from the original furnishings of the monastery church but were acquired several decades ago.","Die sogenannten «Kreuzwegstationen» führen den Betrachtenden nochmals die Liebe Jesu vor Augen, mit der er bereit war, für uns Menschen zu leiden, ja gar den schrecklichsten Hinrichtungstod seiner Zeit auf sich zu nehmen: die Kreuzigung.  Die 14 Tafeln, auf denen sein Leidensweg bis hin zur Kreuzigung und Grablegung dargestellt wird, verteilen sich über die ganze Kirche. Freilich wissen wir: Der Tod hat nicht das letzte Wort – vielmehr das Leben, auch bei uns. ","The so-called ""Stations of the Cross"" visually recount Jesus's love, exemplifying His willingness to endure suffering and accept the most gruesome form of execution of His time: crucifixion. These 14 stations, depicting His journey from suffering to crucifixion and burial, are distributed throughout the entire church. Importantly, we recognize that death does not have the final word—rather, it is life that prevails, for us as well.",08_Kreuzweg_Stationen-001.jpg,07_Orgeln-001.jpg,287,224
9,oranges Fenster,"Besonders bei strahlendem Wetter, gegen Abend, fällt den Besuchenden das orange Glasfenster über dem Hauptportal der Klosterkirche auf, das Teile des Gotteshauses in eine schöne, beinahe mystische Farbe taucht. Besonders eindrucksvoll ist das Lichtspiel, wenn die orangen Strahlen das Kreuz des Hochaltars berühren – durch den ganzen Kirchenraum hindurch. Dahinter befand sich früher ein aus vielen kleinen Teilen zusammengesetzter Spiegel, der das Licht in die ganze Kirche zurückwarf. 

Orange ist übrigens eine Farbe, die die Kraft Gottes symbolisiert – ebenso wie Rot, das als liturgische Farbe an Pfingsten getragen wird. Deshalb ist zum Beispiel auch das berühmte Heilig-Geist-Fenster im Petersdom in Rom orange.","Particularly in radiant weather, towards evening, visitors are struck by the orange stained glass window above the main portal of the monastery church, which bathes parts of the sanctuary in a beautiful, almost mystical hue. The play of light is particularly impressive when the orange rays touch the cross of the high altar, illuminating the entire church space. Previously, there was a mirror composed of many small pieces positioned behind it, reflecting light throughout the entire church.

Orange is, incidentally, a color that symbolizes the power of God—just as red, which is worn as a liturgical color at Pentecost. For instance, the famous Holy Spirit window in St. Peter's Basilica in Rome is also orange.","Besonders bei strahlendem Wetter, gegen Abend, fällt den Besuchenden das orange Glasfenster über dem Hauptportal der Klosterkirche auf, das Teile des Gotteshauses in eine schöne, beinahe mystische Farbe taucht. Besonders eindrucksvoll ist das Lichtspiel, wenn die orangen Strahlen das Kreuz des Hochaltars berühren – durch den ganzen Kirchenraum hindurch. Dahinter befand sich früher ein aus vielen kleinen Teilen zusammengesetzter Spiegel, der das Licht in die ganze Kirche zurückwarf. 

Orange ist übrigens eine Farbe, die die Kraft Gottes symbolisiert – ebenso wie Rot, das als liturgische Farbe an Pfingsten getragen wird. Deshalb ist zum Beispiel auch das berühmte Heilig-Geist-Fenster im Petersdom in Rom orange.","In radiant weather, especially towards evening, visitors often notice the orange stained glass window above the main portal of the monastery church, casting parts of the edifice in a beautiful, almost mystical hue. The play of light is particularly striking when the orange rays touch the high altar's cross, illuminating the entire church. Previously, there was a mirror composed of many small pieces behind it, reflecting light throughout the church.

Orange, incidentally, is a color that symbolizes the power of God—similar to red, which is worn as a liturgical color on Pentecost. This is why, for example, the famous Holy Spirit window in St. Peter's Basilica in Rome is also orange.",10_Oranges_Fenster-006.jpg,10_Oranges_Fenster-003.jpg,255,361
10,Grab Bruder Meinrad Eugster,"Mehrere unserer Mitbrüder werden als Heilige verehrt. Ein weiterer befindet sich im Prozess der Seligsprechung: Br. Meinrad Eugster (1848-1925). Während fünfzig Jahren führte er ein Leben in Einfachheit und arbeitete dabei in der Schneiderei, im Refektorium sowie in der Sakristei des Klosters. Was an ihm beeindruckt, sind nicht ausserordentliche Taten, sondern vielmehr die stille Treue im Einfachen, wofür er auch für uns heute ein Vorbild sein kann.

Bruder Meinrad starb am 14. Juni 1925 im Ruf der Heiligkeit. Bereits 1939 wurde der Seligsprechungsprozess als Vorstufe zu einer möglichen Heiligsprechung eingeleitet. 1941 wurden seine Gebeine aus der Mönchsgruft unter der Weihnachtskuppel genommen und hier neu beigesetzt, um einen direkten Zugang zu ihnen zu ermöglichen. Am 28. Mai 1960 anerkannte Papst Johannes XXIII. die Heldenhaftigkeit der Tugenden des Ehrwürdigen Dieners Gottes.

Mit der gleichen Hilfsbereitschaft wie einst auf Erden scheint er in der Seligkeit weiter zu wirken. Zahlreiche auffallende Gebetserhörungen bestätigen dies. Doch noch warten wir Mönche und viele, die ihn verehren, auf ein Wunder, das die strengen Kriterien für die Seligsprechung erfüllt.","Several of our brothers are venerated as saints. Another, Brother Meinrad Eugster (1848-1925), is currently in the process of beatification. For fifty years, he led a life of simplicity, working in the monastery's tailor shop, refectory, and sacristy. What is impressive about him is not extraordinary deeds, but rather his quiet fidelity to simplicity, which continues to serve as an example for us today.

Brother Meinrad passed away on June 14, 1925, with a reputation for holiness. The beatification process was initiated in 1939 as a precursor to potential canonization. In 1941, his remains were relocated from the monks' crypt beneath the Christmas dome to a new site to allow easier access. On May 28, 1960, Pope John XXIII recognized the heroic virtues of this venerable servant of God.

With the same helpfulness he showed on earth, he seems to continue his work in bliss. Numerous remarkable answers to prayers confirm this. Yet, we monks and many who venerate him still await a miracle that meets the stringent criteria for beatification.","Heilige sind Menschen, die in besonders vorbildlicher Art Christus nachgefolgt sind sowie in ihrem Tun und Sprechen Gottes Liebe zu uns Menschen sichtbar machen. Heute gibt es einen klar strukturierten Prozess der Heiligsprechung, der sich oftmals über Jahre hinwegzieht. Im Zentrum stehen dabei die allgemeine Verehrung eines Menschen durch die Gläubigen sowie zwei unhinterfragbare Wunder, beispielsweise Heilungen, die medizinisch nicht erklärt werden können. 

Aus der Reihe unserer Mitbrüder werden mehrere als Heilige verehrt. Ein weiterer befindet sich im Prozess der Seligsprechung: Br. Meinrad Eugster (1848-1925). Während fünfzig Jahren führte er ein Leben in Einfachheit und arbeitete dabei in der Schneiderei, im Refektorium sowie in der Sakristei des Klosters. Was an ihm beeindruckt, sind nicht ausserordentliche Taten, sondern vielmehr die stille Treue im Einfachen, wofür er auch für uns heute ein Vorbild sein kann.

Nach seinem Tod am 14. Juni 1925 im Rufe der Heiligkeit wurde schon 1939 der Seligsprechungsprozess eingeleitet, wonach 1941 seine Gebeine aus der Mönchsgruft nommen und beim Patroziniumsaltar in der Klosterkirche neu beigesetzt wurden, damit ein direkter Zugang zu ihnen möglich ist. Am 28. Mai 1960 anerkannte Papst Johannes XXIII. die Heldenhaftigkeit der Tugenden des Ehrwürdigen Dieners Gottes.

Mit der gleichen Hilfsbereitschaft wie einst auf Erden scheint er in der Seligkeit weiter zu wirken. Zahlreiche auffallende Gebetserhörungen bestätigen dies. Doch noch warten wir Mönche und viele, die ihn verehren, auf ein Wunder, das die strengen Kriterien für die Seligsprechung erfüllt.","Saints are individuals who have exemplified Christ-like virtues and made God’s love visible through their actions and words. Today, the canonization process is well-structured and often extends over many years, centered around the candidate's widespread veneration by the faithful and the occurrence of two indisputable miracles, such as healings that cannot be medically explained.

Among our brethren, several are revered as saints. Another is currently in the process of beatification: Brother Meinrad Eugster (1848-1925), who led a life of simplicity for fifty years, working in the monastery’s tailor shop, refectory, and sacristy. What stands out about him are not extraordinary acts, but his quiet fidelity to simplicity, which continues to serve as an example for us today.

Following his death on June 14, 1925, reputed for his saintliness, the beatification process was initiated in 1939. In 1941, his remains were moved from the monastic crypt and reinterred at the patronal altar in the monastery church to allow direct access for veneration. On May 28, 1960, Pope John XXIII recognized the heroic virtues of this Servant of God.

It seems that Brother Meinrad continues to assist those in paradise with the same readiness to help as he did on Earth, as numerous remarkable answers to prayers attest. Yet, we monks, along with many who revere him, still await a miracle that meets the stringent criteria for beatification.",09_Grab Br Meinrad-006.jpg,10_Oranges_Fenster-003.jpg,307,500